customer_id,signup_date,country,loyalty_score
100000,2025-09-25,USA,0.103
100001,2025-02-22,Mexico,0.592
100002,2025-04-03,Russia,0.297
100003,2025-08-24,Mexico,0.316
100004,2025-01-22,Russia,0.05
100005,2025-06-03,USA,0.222
100006,2025-07-12,Russia,0.264
100007,2024-05-30,Russia,0.122
100008,2024-02-07,Mexico,0.156
100009,2024-07-20,Kazakhstan,0.096
100010,2024-07-09,Russia,0.044
100011,2025-08-08,Kazakhstan,0.422
100012,2025-09-03,Russia,0.356
100013,2024-01-04,Belarus,0.11
100014,2024-11-30,Mexico,0.415
100015,2025-07-04,USA,0.151
100016,2024-03-29,Russia,0.609
100017,2025-06-18,Belarus,0.11
100018,2024-03-20,USA,0.296
100019,2024-11-09,Kazakhstan,0.268
100020,2025-07-01,Mexico,0.268
100021,2024-07-22,Russia,0.253
100022,2024-08-16,USA,0.279
100023,2024-07-05,Belarus,0.267
100024,2025-04-27,USA,0.137
100025,2024-06-19,Mexico,0.098
100026,2025-10-25,USA,0.526
100027,2024-10-25,Russia,0.136
100028,2024-11-16,Mexico,0.362
100029,2024-12-04,Russia,0.426
100030,2025-01-25,Russia,0.514
100031,2025-01-05,Russia,0.255
100032,2024-12-07,Belarus,0.391
100033,2025-10-28,Mexico,0.106
100034,2025-06-25,USA,0.169
100035,2025-06-15,Russia,0.225
100036,2025-04-14,Russia,0.353
100037,2025-02-20,Russia,0.171
100038,2024-08-16,Mexico,0.284
100039,2025-10-24,Belarus,0.149
100040,2024-11-08,Kazakhstan,0.536
100041,2024-05-24,Mexico,0.197
100042,2025-07-20,Mexico,0.056
100043,2024-04-17,Russia,0.508
100044,2025-07-28,Russia,0.276
100045,2025-02-14,Kazakhstan,0.235
100046,2024-03-17,USA,0.387
100047,2024-01-30,Belarus,0.596
100048,2024-10-24,Russia,0.496
100049,2024-01-24,Kazakhstan,0.448
100050,2024-04-04,Kazakhstan,0.703
100051,2024-12-10,Belarus,0.772
100052,2025-10-12,Belarus,0.237
100053,2024-11-08,USA,0.119
100054,2025-06-25,Russia,0.156
100055,2025-09-06,Kazakhstan,0.273
100056,2025-07-05,Belarus,0.193
100057,2025-02-25,USA,0.14
100058,2024-10-22,Mexico,0.158
100059,2024-12-10,Kazakhstan,0.278
100060,2024-06-27,Mexico,0.536
100061,2024-11-28,Kazakhstan,0.409
100062,2024-09-11,USA,0.036
100063,2024-06-14,Russia,0.121
100064,2025-10-27,Russia,0.393
100065,2024-01-08,Mexico,0.115
100066,2024-03-06,Russia,0.479
100067,2024-05-08,USA,0.184
100068,2025-10-11,Belarus,0.293
100069,2025-04-08,Kazakhstan,0.559
100070,2025-08-13,Russia,0.165
100071,2024-05-14,Mexico,0.389
100072,2025-04-28,Russia,0.252
100073,2024-09-04,USA,0.496
100074,2024-11-23,USA,0.091
100075,2024-01-03,Russia,0.225
100076,2025-02-17,Russia,0.086
100077,2025-07-10,USA,0.517
100078,2025-03-20,Kazakhstan,0.266
100079,2024-04-13,Russia,0.581
100080,2024-12-23,Kazakhstan,0.332
100081,2024-06-28,Russia,0.36
100082,2025-10-08,Kazakhstan,0.26
100083,2025-08-12,Mexico,0.2
100084,2024-05-04,USA,0.399
100085,2024-12-07,Mexico,0.4
100086,2025-09-21,Russia,0.251
100087,2025-07-21,Kazakhstan,0.318
100088,2025-04-19,Kazakhstan,0.158
100089,2025-03-04,USA,0.261
100090,2024-01-29,Russia,0.275
100091,2025-05-11,Kazakhstan,0.105
100092,2024-11-13,USA,0.161
100093,2024-03-02,Kazakhstan,0.566
100094,2024-06-12,Russia,0.378
100095,2024-12-28,Belarus,0.291
100096,2025-05-01,Russia,0.347
100097,2024-12-06,USA,0.442
100098,2025-02-14,Russia,0.254
100099,2025-08-06,Russia,0.103
100100,2025-04-04,Russia,0.06
100101,2024-08-30,Mexico,0.357
100102,2025-03-06,Russia,0.335
100103,2025-02-04,USA,0.108
100104,2024-03-13,USA,0.725
100105,2024-02-09,USA,0.247
100106,2025-03-18,Russia,0.112
100107,2024-09-16,Russia,0.2
100108,2025-02-04,Kazakhstan,0.195
100109,2024-08-04,USA,0.092
100110,2024-05-31,Mexico,0.173
100111,2024-04-10,Russia,0.491
100112,2024-09-12,Mexico,0.259
100113,2025-06-30,USA,0.014
100114,2024-09-25,USA,0.322
100115,2024-09-11,Mexico,0.105
100116,2025-01-20,USA,0.074
100117,2025-10-17,USA,0.393
100118,2024-09-19,Russia,0.545
100119,2025-01-30,Russia,0.123
100120,2024-10-21,Mexico,0.437
100121,2025-02-09,Russia,0.094
100122,2024-10-25,Kazakhstan,0.571
100123,2025-03-03,USA,0.381
100124,2025-01-01,Belarus,0.221
100125,2025-03-29,Belarus,0.248
100126,2025-10-03,USA,0.28
100127,2024-04-11,Russia,0.173
100128,2025-01-11,USA,0.161
100129,2024-10-22,USA,0.126
100130,2024-08-27,Russia,0.643
100131,2024-06-09,Russia,0.311
100132,2024-02-05,Russia,0.576
100133,2024-09-26,USA,0.124
100134,2025-07-07,Russia,0.427
100135,2024-03-05,Russia,0.238
100136,2024-09-29,USA,0.294
100137,2025-10-10,Belarus,0.815
100138,2025-09-29,Mexico,0.283
100139,2024-05-24,Mexico,0.201
100140,2024-01-06,Russia,0.223
100141,2025-03-26,Russia,0.084
100142,2024-01-10,Kazakhstan,0.231
100143,2024-07-20,Russia,0.136
100144,2024-11-29,Kazakhstan,0.738
100145,2025-08-08,Mexico,0.272
100146,2024-03-03,Mexico,0.248
100147,2025-03-19,Belarus,0.14
100148,2024-12-23,Russia,0.038
100149,2024-03-29,Russia,0.175
100150,2025-07-20,USA,0.476
100151,2025-07-20,Russia,0.364
100152,2024-11-19,Belarus,0.339
100153,2025-09-25,Russia,0.036
100154,2025-02-10,USA,0.439
100155,2025-08-28,Russia,0.317
100156,2025-10-05,Kazakhstan,0.198
100157,2025-01-16,Belarus,0.096
100158,2024-07-07,Mexico,0.5
100159,2024-04-07,USA,0.28
100160,2025-01-12,Mexico,0.121
100161,2024-05-08,Russia,0.152
100162,2025-05-17,Russia,0.491
100163,2025-09-13,Mexico,0.124
100164,2024-06-13,USA,0.067
100165,2025-01-05,Russia,0.509
100166,2024-02-02,Mexico,0.182
100167,2024-04-30,Russia,0.17
100168,2024-09-09,Kazakhstan,0.361
100169,2025-08-15,Belarus,0.146
100170,2025-10-11,Belarus,0.342
100171,2025-03-05,USA,0.354
100172,2025-01-25,Mexico,0.277
100173,2025-01-16,Kazakhstan,0.373
100174,2024-02-10,Mexico,0.196
100175,2024-09-09,Kazakhstan,0.488
100176,2025-10-20,Kazakhstan,0.47
100177,2024-10-02,Russia,0.211
100178,2024-05-22,Kazakhstan,0.342
100179,2024-06-09,Russia,0.014
100180,2025-04-22,Russia,0.351
100181,2024-01-26,Russia,0.37
100182,2025-10-11,Kazakhstan,0.197
100183,2025-08-10,Russia,0.177
100184,2025-01-15,Mexico,0.221
100185,2024-11-09,USA,0.11
100186,2025-05-25,Russia,0.315
100187,2025-01-01,Belarus,0.228
100188,2024-11-15,USA,0.067
100189,2024-08-03,Russia,0.368
100190,2024-10-26,Belarus,0.375
100191,2025-05-18,Kazakhstan,0.069
100192,2024-02-06,Mexico,0.122
100193,2024-01-17,USA,0.365
100194,2025-04-27,Russia,0.273
100195,2024-09-06,USA,0.303
100196,2025-06-22,Mexico,0.234
100197,2024-01-21,Mexico,0.259
100198,2025-08-30,Mexico,0.26
100199,2024-03-23,USA,0.184
100200,2024-10-05,Russia,0.058
100201,2025-10-09,Mexico,0.348
100202,2024-03-13,Russia,0.15
100203,2025-03-16,Kazakhstan,0.312
100204,2025-05-02,Mexico,0.267
100205,2024-10-13,Russia,0.105
100206,2024-02-22,Russia,0.638
100207,2024-12-16,Mexico,0.141
100208,2024-10-17,Mexico,0.207
100209,2025-08-07,Mexico,0.266
100210,2025-04-02,Russia,0.146
100211,2024-08-18,Mexico,0.258
100212,2024-02-08,Russia,0.569
100213,2025-01-30,Mexico,0.16
100214,2024-07-06,Belarus,0.436
100215,2025-04-03,Belarus,0.092
100216,2025-08-01,Kazakhstan,0.034
100217,2024-08-26,Russia,0.492
100218,2025-08-28,Mexico,0.148
100219,2024-12-13,Kazakhstan,0.495
100220,2024-12-21,Mexico,0.162
100221,2025-05-27,Russia,0.437
100222,2025-06-12,Russia,0.488
100223,2025-09-01,Belarus,0.235
100224,2025-10-31,Mexico,0.208
100225,2024-04-11,USA,0.123
100226,2024-10-03,USA,0.134
100227,2025-09-17,Russia,0.398
100228,2024-07-25,Mexico,0.501
100229,2024-01-04,Russia,0.227
100230,2025-01-20,Mexico,0.505
100231,2025-05-19,Russia,0.391
100232,2025-05-12,Russia,0.41
100233,2025-06-27,Kazakhstan,0.059
100234,2025-03-07,Belarus,0.677
100235,2024-04-01,Mexico,0.199
100236,2025-07-21,Mexico,0.534
100237,2024-10-07,Mexico,0.589
100238,2025-07-21,Kazakhstan,0.337
100239,2025-06-30,Mexico,0.366
100240,2025-10-12,Russia,0.472
100241,2024-01-10,Belarus,0.261
100242,2025-08-03,Kazakhstan,0.507
100243,2025-02-25,Belarus,0.165
100244,2024-11-21,Russia,0.155
100245,2025-06-15,Kazakhstan,0.366
100246,2025-09-29,Russia,0.197
100247,2024-12-09,Kazakhstan,0.066
100248,2024-02-28,Russia,0.117
100249,2025-05-01,Mexico,0.426
100250,2024-06-03,USA,0.339
100251,2024-05-31,Russia,0.485
100252,2024-05-09,Russia,0.214
100253,2024-05-13,Mexico,0.029
100254,2025-09-01,Russia,0.036
100255,2024-08-31,USA,0.527
100256,2024-03-12,Russia,0.205
100257,2024-04-30,Russia,0.153
100258,2024-09-21,Kazakhstan,0.199
100259,2024-08-19,Russia,0.069
100260,2024-07-26,Russia,0.336
100261,2025-09-27,Russia,0.094
100262,2025-08-03,Mexico,0.201
100263,2025-01-19,USA,0.204
100264,2025-10-22,Russia,0.35
100265,2024-08-15,Mexico,0.264
100266,2024-04-02,Russia,0.097
100267,2024-06-30,Belarus,0.32
100268,2024-02-29,Kazakhstan,0.154
100269,2025-09-29,Russia,0.219
100270,2024-05-26,Mexico,0.412
100271,2024-10-24,Mexico,0.134
100272,2024-05-15,Russia,0.209
100273,2025-10-18,Russia,0.454
100274,2024-04-15,Mexico,0.104
100275,2024-12-11,USA,0.475
100276,2025-09-28,Belarus,0.321
100277,2024-12-15,USA,0.143
100278,2025-08-25,USA,0.13
100279,2025-08-23,Mexico,0.415
100280,2025-05-29,Mexico,0.276
100281,2025-05-12,Russia,0.348
100282,2025-01-21,Russia,0.291
100283,2025-01-24,Mexico,0.269
100284,2025-07-11,USA,0.319
100285,2024-10-12,Russia,0.102
100286,2025-09-25,Kazakhstan,0.674
100287,2025-08-11,Russia,0.075
100288,2024-09-07,Mexico,0.312
100289,2024-10-02,Kazakhstan,0.231
100290,2025-04-23,Mexico,0.466
100291,2025-09-10,Russia,0.406
100292,2024-03-05,Mexico,0.364
100293,2024-02-16,Mexico,0.567
100294,2024-06-15,Kazakhstan,0.081
100295,2024-10-15,Russia,0.033
100296,2024-04-19,Kazakhstan,0.381
100297,2024-12-14,Mexico,0.231
100298,2024-12-28,Russia,0.46
100299,2025-09-29,Russia,0.34
100300,2025-05-14,Kazakhstan,0.408
100301,2024-06-17,Russia,0.214
100302,2025-06-10,Mexico,0.135
100303,2025-06-24,Mexico,0.073
100304,2025-03-31,USA,0.561
100305,2025-03-29,Mexico,0.185
100306,2024-07-26,Mexico,0.25
100307,2025-04-25,Russia,0.281
100308,2024-03-31,Mexico,0.545
100309,2025-02-25,Mexico,0.174
100310,2025-09-09,Mexico,0.048
100311,2025-10-12,Mexico,0.377
100312,2024-07-18,Mexico,0.375
100313,2024-08-10,Russia,0.141
100314,2025-02-18,Mexico,0.141
100315,2024-09-23,Kazakhstan,0.393
100316,2025-05-04,Russia,0.353
100317,2024-05-15,Russia,0.116
100318,2024-04-23,Russia,0.437
100319,2024-02-03,Kazakhstan,0.382
100320,2024-11-10,Russia,0.075
100321,2024-05-22,Kazakhstan,0.423
100322,2024-07-19,USA,0.516
100323,2025-09-05,Mexico,0.448
100324,2025-06-29,Mexico,0.181
100325,2025-07-16,USA,0.057
100326,2025-02-01,Russia,0.017
100327,2024-03-16,Kazakhstan,0.199
100328,2025-05-15,Russia,0.591
100329,2025-02-08,Kazakhstan,0.516
100330,2025-08-31,USA,0.028
100331,2024-11-17,Russia,0.076
100332,2024-04-26,Mexico,0.641
100333,2025-02-02,USA,0.326
100334,2024-11-01,Kazakhstan,0.409
100335,2025-03-17,Mexico,0.381
100336,2024-09-08,Kazakhstan,0.537
100337,2024-07-24,Russia,0.179
100338,2024-03-24,Kazakhstan,0.239
100339,2025-10-06,Russia,0.246
100340,2025-05-20,Russia,0.21
100341,2024-11-08,Russia,0.167
100342,2024-06-06,USA,0.396
100343,2025-02-24,Russia,0.277
100344,2024-10-03,Russia,0.439
100345,2025-03-01,USA,0.218
100346,2024-03-01,Russia,0.202
100347,2024-05-03,USA,0.21
100348,2025-05-07,USA,0.445
100349,2024-02-11,Mexico,0.716
100350,2025-03-29,Kazakhstan,0.272
100351,2024-10-02,Russia,0.108
100352,2024-01-03,Russia,0.202
100353,2025-05-26,Russia,0.547
100354,2025-04-13,Russia,0.166
100355,2025-06-30,Kazakhstan,0.305
100356,2025-08-22,USA,0.411
100357,2025-05-04,Belarus,0.076
100358,2025-07-17,USA,0.182
100359,2024-03-16,Mexico,0.255
100360,2025-09-07,Russia,0.195
100361,2025-09-03,Belarus,0.302
100362,2025-04-10,Russia,0.294
100363,2025-06-21,Russia,0.323
100364,2025-05-11,USA,0.54
100365,2025-08-11,Russia,0.663
100366,2025-08-18,Russia,0.391
100367,2024-12-16,Russia,0.185
100368,2025-06-30,Mexico,0.165
100369,2025-09-05,Kazakhstan,0.377
100370,2024-07-18,Russia,0.138
100371,2024-02-01,Mexico,0.525
100372,2024-04-24,Russia,0.026
100373,2024-01-21,Mexico,0.574
100374,2024-10-18,Kazakhstan,0.431
100375,2024-01-14,Belarus,0.088
100376,2024-06-22,Kazakhstan,0.092
100377,2024-06-18,Mexico,0.372
100378,2025-04-18,USA,0.494
100379,2024-06-15,Mexico,0.168
100380,2025-09-28,Russia,0.502
100381,2024-05-05,Kazakhstan,0.355
100382,2025-10-13,Russia,0.058
100383,2025-01-14,Russia,0.238
100384,2024-06-12,Russia,0.119
100385,2024-01-27,Russia,0.179
100386,2024-07-23,USA,0.531
100387,2025-01-30,Mexico,0.344
100388,2024-03-14,USA,0.452
100389,2024-04-21,Mexico,0.177
100390,2024-03-17,Russia,0.342
100391,2025-03-30,Kazakhstan,0.197
100392,2024-02-29,Kazakhstan,0.366
100393,2024-01-15,Russia,0.673
100394,2024-11-01,Kazakhstan,0.4
100395,2024-07-27,Mexico,0.106
100396,2025-01-16,Russia,0.824
100397,2025-09-20,Russia,0.297
100398,2025-07-28,Kazakhstan,0.409
100399,2024-12-26,Mexico,0.336
100400,2025-03-06,Mexico,0.26
100401,2025-06-27,Mexico,0.212
100402,2024-10-20,Russia,0.09
100403,2025-03-16,Russia,0.208
100404,2024-05-24,Russia,0.29
100405,2025-02-13,Russia,0.087
100406,2024-06-07,Mexico,0.345
100407,2024-05-08,USA,0.473
100408,2025-05-25,Mexico,0.415
100409,2025-01-19,Russia,0.257
100410,2024-09-09,Russia,0.11
100411,2024-01-27,Mexico,0.138
100412,2024-06-07,USA,0.198
100413,2025-06-21,Belarus,0.546
100414,2024-11-09,Russia,0.177
100415,2025-10-05,Russia,0.136
100416,2025-08-26,Mexico,0.171
100417,2025-07-26,USA,0.162
100418,2024-01-11,Russia,0.144
100419,2024-02-03,Russia,0.355
100420,2025-01-22,Russia,0.1
100421,2024-08-14,Russia,0.142
100422,2025-07-18,USA,0.192
100423,2024-08-01,Mexico,0.344
100424,2024-04-12,USA,0.41
100425,2024-03-16,Russia,0.239
100426,2024-07-20,Russia,0.351
100427,2025-02-23,Mexico,0.362
100428,2024-03-25,Mexico,0.496
100429,2025-06-18,Russia,0.328
100430,2024-07-21,Kazakhstan,0.123
100431,2024-07-29,Mexico,0.761
100432,2025-03-20,Mexico,0.572
100433,2025-08-01,Kazakhstan,0.121
100434,2024-10-18,Russia,0.174
100435,2025-06-18,USA,0.251
100436,2024-07-23,Kazakhstan,0.221
100437,2024-03-27,Mexico,0.442
100438,2025-07-09,Belarus,0.267
100439,2025-05-28,Russia,0.347
100440,2025-05-17,Russia,0.189
100441,2025-08-14,Russia,0.093
100442,2024-11-29,Russia,0.044
100443,2024-05-12,Russia,0.386
100444,2025-01-26,Kazakhstan,0.185
100445,2025-01-19,Russia,0.321
100446,2024-09-15,Russia,0.095
100447,2025-03-03,Mexico,0.307
100448,2024-06-25,Russia,0.305
100449,2025-02-12,Russia,0.563
100450,2025-06-15,Mexico,0.139
100451,2024-03-05,Belarus,0.512
100452,2024-10-30,Kazakhstan,0.473
100453,2025-03-18,Russia,0.165
100454,2024-02-04,Belarus,0.167
100455,2025-02-27,Russia,0.228
100456,2025-09-03,USA,0.187
100457,2025-07-06,Mexico,0.397
100458,2025-04-04,Russia,0.168
100459,2025-06-22,Russia,0.326
100460,2024-08-30,USA,0.142
100461,2024-08-07,Russia,0.186
100462,2024-02-25,Mexico,0.194
100463,2025-04-28,USA,0.534
100464,2024-07-29,Mexico,0.17
100465,2025-08-04,USA,0.237
100466,2024-11-08,Kazakhstan,0.566
100467,2025-08-21,USA,0.053
100468,2024-04-02,Kazakhstan,0.251
100469,2024-04-18,Russia,0.255
100470,2024-08-20,Kazakhstan,0.334
100471,2024-01-18,Russia,0.08
100472,2024-11-25,Mexico,0.125
100473,2025-03-12,Mexico,0.178
100474,2025-03-19,Russia,0.215
100475,2024-05-23,Russia,0.108
100476,2024-04-20,Kazakhstan,0.19
100477,2025-01-12,Kazakhstan,0.509
100478,2025-02-28,USA,0.118
100479,2025-09-25,USA,0.433
100480,2025-08-23,USA,0.337
100481,2024-09-11,Mexico,0.417
100482,2024-04-18,Mexico,0.535
100483,2024-06-18,Russia,0.15
100484,2025-08-13,Russia,0.279
100485,2024-11-01,Russia,0.46
100486,2025-10-27,Mexico,0.315
100487,2025-03-16,Russia,0.172
100488,2025-02-02,Russia,0.074
100489,2024-03-08,Russia,0.567
100490,2025-01-30,Russia,0.289
100491,2024-09-11,Mexico,0.302
100492,2025-07-19,Russia,0.265
100493,2024-03-30,Russia,0.307
100494,2024-05-08,USA,0.408
100495,2025-03-19,USA,0.096
100496,2025-03-31,Mexico,0.189
100497,2025-07-10,Belarus,0.146
100498,2024-12-17,Russia,0.508
100499,2024-09-09,USA,0.269
100500,2024-07-24,Mexico,0.287
100501,2024-09-06,Kazakhstan,0.078
100502,2025-03-20,Russia,0.448
100503,2024-12-27,Russia,0.045
100504,2024-07-17,Russia,0.188
100505,2024-05-24,Russia,0.158
100506,2025-04-21,Russia,0.149
100507,2024-06-14,Kazakhstan,0.108
100508,2024-05-19,Kazakhstan,0.198
100509,2024-08-09,Russia,0.134
100510,2025-07-25,Kazakhstan,0.341
100511,2024-11-02,Russia,0.442
100512,2025-02-02,Russia,0.573
100513,2024-02-24,Belarus,0.27
100514,2024-08-18,Kazakhstan,0.435
100515,2025-05-19,Russia,0.313
100516,2025-06-01,Mexico,0.383
100517,2025-01-22,Kazakhstan,0.497
100518,2025-08-10,Kazakhstan,0.106
100519,2024-07-19,Mexico,0.171
100520,2024-04-20,Mexico,0.509
100521,2024-02-21,USA,0.103
100522,2024-05-13,Mexico,0.051
100523,2025-05-26,Mexico,0.083
100524,2025-08-28,Mexico,0.154
100525,2024-03-28,Russia,0.521
100526,2024-12-02,Mexico,0.109
100527,2024-03-30,Russia,0.365
100528,2025-07-19,Russia,0.315
100529,2024-03-28,Russia,0.352
100530,2025-03-05,Kazakhstan,0.158
100531,2024-02-24,Russia,0.339
100532,2025-05-09,Mexico,0.096
100533,2025-08-30,Mexico,0.161
100534,2025-05-05,Mexico,0.738
100535,2024-06-29,Russia,0.206
100536,2025-07-18,Mexico,0.412
100537,2024-07-24,Mexico,0.282
100538,2025-05-20,Russia,0.621
100539,2025-07-11,Russia,0.065
100540,2024-11-21,Russia,0.576
100541,2025-02-19,Kazakhstan,0.485
100542,2025-07-26,Russia,0.279
100543,2024-05-05,Belarus,0.112
100544,2024-01-14,Russia,0.132
100545,2024-10-18,Mexico,0.276
100546,2024-05-01,Belarus,0.033
100547,2025-08-15,Mexico,0.338
100548,2025-08-03,Russia,0.198
100549,2024-09-08,Mexico,0.399
100550,2024-07-25,Mexico,0.05
100551,2025-04-21,Mexico,0.063
100552,2024-10-30,Russia,0.209
100553,2024-03-05,USA,0.226
100554,2025-03-19,Belarus,0.133
100555,2025-05-02,Russia,0.14
100556,2024-02-16,Kazakhstan,0.031
100557,2025-06-04,Kazakhstan,0.11
100558,2024-12-23,Kazakhstan,0.291
100559,2025-07-07,Russia,0.019
100560,2025-07-23,Russia,0.366
100561,2025-03-27,Russia,0.207
100562,2024-08-11,Mexico,0.669
100563,2024-09-05,Kazakhstan,0.095
100564,2025-04-30,Russia,0.414
100565,2024-02-13,Kazakhstan,0.147
100566,2024-06-03,Russia,0.15
100567,2024-12-13,Russia,0.038
100568,2025-09-23,USA,0.166
100569,2025-05-22,Russia,0.01
100570,2025-06-30,Belarus,0.273
100571,2024-05-07,Russia,0.332
100572,2024-07-06,Russia,0.533
100573,2024-06-27,USA,0.236
100574,2025-05-17,USA,0.062
100575,2024-12-25,Russia,0.322
100576,2024-05-21,Kazakhstan,0.298
100577,2025-05-16,Russia,0.527
100578,2025-03-03,Russia,0.31
100579,2025-08-23,Mexico,0.081
100580,2025-01-09,Mexico,0.218
100581,2024-03-25,Mexico,0.063
100582,2025-08-18,Mexico,0.219
100583,2024-05-03,Russia,0.184
100584,2024-02-06,Russia,0.254
100585,2025-06-19,Kazakhstan,0.34
100586,2024-10-28,Mexico,0.233
100587,2025-03-07,Kazakhstan,0.22
100588,2024-03-27,Kazakhstan,0.105
100589,2025-04-28,USA,0.419
100590,2024-09-28,Russia,0.213
100591,2025-10-29,Russia,0.024
100592,2025-03-02,Russia,0.432
100593,2025-09-21,USA,0.391
100594,2025-06-15,Russia,0.349
100595,2025-07-18,Russia,0.362
100596,2024-02-28,Kazakhstan,0.28
100597,2025-06-04,Mexico,0.553
100598,2025-02-08,Russia,0.254
100599,2024-09-21,Mexico,0.319
100600,2024-07-28,Russia,0.254
100601,2025-03-05,Mexico,0.127
100602,2024-05-12,Russia,0.231
100603,2024-05-03,USA,0.1
100604,2025-08-08,Russia,0.21
100605,2025-05-23,Mexico,0.461
100606,2025-01-30,Mexico,0.262
100607,2025-05-22,Russia,0.351
100608,2024-08-04,Russia,0.187
100609,2025-04-28,Belarus,0.398
100610,2024-05-17,Kazakhstan,0.149
100611,2024-10-25,Kazakhstan,0.4
100612,2024-04-08,Mexico,0.222
100613,2024-09-10,Kazakhstan,0.451
100614,2024-08-16,Kazakhstan,0.125
100615,2024-10-08,Kazakhstan,0.4
100616,2024-11-15,Kazakhstan,0.297
100617,2024-01-23,Kazakhstan,0.674
100618,2024-08-17,Russia,0.251
100619,2025-07-19,Russia,0.487
100620,2024-10-17,Russia,0.37
100621,2024-12-29,Russia,0.165
100622,2024-03-09,Mexico,0.05
100623,2024-09-16,Russia,0.42
100624,2025-10-11,Russia,0.122
100625,2025-01-02,Belarus,0.534
100626,2024-01-14,Russia,0.124
100627,2025-04-28,Russia,0.239
100628,2025-05-30,Russia,0.421
100629,2024-09-12,Kazakhstan,0.183
100630,2024-01-22,Mexico,0.432
100631,2025-07-10,USA,0.39
100632,2024-06-18,USA,0.292
100633,2025-09-08,Kazakhstan,0.102
100634,2024-08-31,Kazakhstan,0.38
100635,2024-09-16,Kazakhstan,0.172
100636,2025-06-15,Russia,0.028
100637,2024-04-02,USA,0.405
100638,2024-01-20,Russia,0.307
100639,2025-05-24,Russia,0.04
100640,2025-09-12,Mexico,0.248
100641,2025-10-27,Belarus,0.348
100642,2024-03-27,Russia,0.221
100643,2024-04-09,USA,0.503
100644,2024-08-14,Kazakhstan,0.388
100645,2025-04-22,Belarus,0.105
100646,2025-09-03,Russia,0.593
100647,2025-07-06,USA,0.206
100648,2024-09-07,Russia,0.335
100649,2025-09-08,Kazakhstan,0.435
100650,2024-06-20,USA,0.364
100651,2024-03-23,USA,0.159
100652,2024-10-18,USA,0.245
100653,2024-03-02,Mexico,0.286
100654,2025-03-30,Russia,0.046
100655,2025-10-23,Russia,0.171
100656,2024-03-12,Kazakhstan,0.423
100657,2024-03-19,Russia,0.058
100658,2024-04-29,USA,0.138
100659,2024-04-28,Russia,0.139
100660,2024-12-24,Russia,0.1
100661,2025-01-20,Russia,0.234
100662,2025-09-28,Russia,0.783
100663,2024-10-26,Kazakhstan,0.422
100664,2025-09-12,Russia,0.591
100665,2025-05-17,USA,0.351
100666,2025-07-26,Mexico,0.624
100667,2024-05-07,Russia,0.37
100668,2024-10-31,USA,0.489
100669,2025-09-04,Mexico,0.406
100670,2025-05-18,Russia,0.494
100671,2024-05-25,USA,0.076
100672,2025-07-20,USA,0.24
100673,2025-05-30,Belarus,0.369
100674,2024-04-08,Russia,0.109
100675,2024-02-15,USA,0.265
100676,2024-06-22,USA,0.415
100677,2024-11-13,Russia,0.393
100678,2024-04-12,Russia,0.112
100679,2024-01-22,USA,0.262
100680,2024-03-14,Mexico,0.213
100681,2024-07-29,Russia,0.209
100682,2024-09-18,Belarus,0.15
100683,2024-07-28,Russia,0.04
100684,2024-10-26,USA,0.204
100685,2025-04-27,Russia,0.143
100686,2024-06-15,Russia,0.494
100687,2024-10-31,Russia,0.19
100688,2025-05-03,Russia,0.204
100689,2024-02-08,USA,0.52
100690,2025-09-21,Russia,0.164
100691,2025-10-28,Kazakhstan,0.637
100692,2024-07-13,USA,0.594
100693,2025-08-18,Russia,0.493
100694,2024-06-18,Russia,0.279
100695,2025-09-05,Mexico,0.227
100696,2025-03-18,Russia,0.26
100697,2024-06-14,USA,0.329
100698,2024-02-11,Mexico,0.449
100699,2024-09-21,Russia,0.255
100700,2025-05-13,Belarus,0.186
100701,2024-06-01,Belarus,0.221
100702,2024-12-10,Mexico,0.237
100703,2024-03-24,Russia,0.398
100704,2024-10-11,Kazakhstan,0.046
100705,2024-01-23,Russia,0.38
100706,2025-10-22,Russia,0.364
100707,2024-12-03,Russia,0.396
100708,2025-07-18,USA,0.19
100709,2024-03-23,USA,0.282
100710,2024-04-22,Russia,0.517
100711,2024-04-28,Mexico,0.4
100712,2025-01-16,Kazakhstan,0.232
100713,2025-07-30,Russia,0.219
100714,2025-02-10,Russia,0.242
100715,2024-11-20,USA,0.392
100716,2025-09-23,Russia,0.486
100717,2024-05-03,Belarus,0.626
100718,2024-04-20,USA,0.433
100719,2025-03-24,Russia,0.317
100720,2025-07-26,Mexico,0.182
100721,2024-06-27,Russia,0.629
100722,2024-06-23,Mexico,0.069
100723,2024-12-19,Mexico,0.179
100724,2025-06-05,Mexico,0.165
100725,2024-07-08,USA,0.253
100726,2025-07-06,Mexico,0.289
100727,2024-12-11,USA,0.618
100728,2025-04-17,Russia,0.36
100729,2025-02-25,Belarus,0.101
100730,2024-11-18,Russia,0.147
100731,2024-12-25,Russia,0.662
100732,2025-10-28,Kazakhstan,0.279
100733,2024-09-22,Mexico,0.184
100734,2025-09-25,Mexico,0.39
100735,2025-06-13,Russia,0.37
100736,2024-05-02,USA,0.474
100737,2025-08-08,Russia,0.157
100738,2024-09-13,Russia,0.298
100739,2024-04-30,Mexico,0.357
100740,2024-06-18,USA,0.333
100741,2024-04-01,Mexico,0.086
100742,2024-08-15,Russia,0.354
100743,2024-03-16,Kazakhstan,0.279
100744,2024-12-30,Mexico,0.526
100745,2025-10-18,Russia,0.306
100746,2025-10-08,Mexico,0.142
100747,2025-09-22,Mexico,0.324
100748,2024-06-12,Kazakhstan,0.305
100749,2024-06-03,USA,0.145
100750,2025-03-30,Kazakhstan,0.418
100751,2025-10-11,Mexico,0.037
100752,2025-07-07,Mexico,0.077
100753,2024-05-19,Russia,0.629
100754,2025-05-08,Belarus,0.294
100755,2024-12-05,Belarus,0.15
100756,2024-10-23,Belarus,0.128
100757,2024-11-29,Russia,0.365
100758,2024-12-31,USA,0.426
100759,2025-09-05,USA,0.211
100760,2025-06-14,Russia,0.169
100761,2024-01-28,USA,0.5
100762,2025-05-25,Belarus,0.366
100763,2024-07-30,Russia,0.308
100764,2024-08-14,Mexico,0.387
100765,2025-02-05,Kazakhstan,0.209
100766,2025-10-21,Mexico,0.149
100767,2024-02-14,Mexico,0.465
100768,2024-12-10,Belarus,0.093
100769,2024-06-07,Russia,0.17
100770,2025-09-04,Mexico,0.376
100771,2024-11-07,Mexico,0.078
100772,2025-07-26,USA,0.369
100773,2025-08-13,Russia,0.313
100774,2024-03-08,Mexico,0.554
100775,2025-05-24,USA,0.099
100776,2025-06-13,Russia,0.174
100777,2025-07-09,Kazakhstan,0.161
100778,2025-10-23,Russia,0.162
100779,2025-05-24,Russia,0.271
100780,2025-07-12,Russia,0.628
100781,2025-04-19,Russia,0.406
100782,2024-07-16,Russia,0.462
100783,2025-07-23,Mexico,0.594
100784,2025-04-14,Kazakhstan,0.219
100785,2025-04-01,Belarus,0.287
100786,2025-10-14,Russia,0.164
100787,2025-05-07,Russia,0.432
100788,2024-08-15,Mexico,0.529
100789,2024-07-21,Kazakhstan,0.387
100790,2024-08-07,Belarus,0.044
100791,2024-04-22,Kazakhstan,0.2
100792,2024-02-24,Belarus,0.3
100793,2025-05-21,USA,0.131
100794,2025-06-08,Russia,0.486
100795,2024-04-21,Kazakhstan,0.153
100796,2024-09-21,Mexico,0.435
100797,2025-09-08,Russia,0.529
100798,2025-07-14,USA,0.163
100799,2025-02-03,Kazakhstan,0.433
100800,2025-10-12,Russia,0.112
100801,2024-08-08,Mexico,0.367
100802,2025-07-19,Mexico,0.406
100803,2025-09-19,Mexico,0.23
100804,2025-02-01,USA,0.51
100805,2024-04-13,Russia,0.463
100806,2024-07-15,Belarus,0.079
100807,2024-12-10,Mexico,0.152
100808,2024-07-06,USA,0.396
100809,2024-03-02,Mexico,0.217
100810,2024-04-24,Belarus,0.431
100811,2025-10-08,Kazakhstan,0.518
100812,2024-09-13,Belarus,0.163
100813,2025-01-20,Belarus,0.113
100814,2024-10-21,USA,0.375
100815,2025-06-22,Mexico,0.569
100816,2024-03-08,Mexico,0.324
100817,2024-07-07,USA,0.287
100818,2025-01-26,Russia,0.129
100819,2025-06-21,Mexico,0.561
100820,2024-11-05,Kazakhstan,0.386
100821,2025-04-15,Mexico,0.509
100822,2025-06-20,Russia,0.322
100823,2025-03-07,Kazakhstan,0.37
100824,2025-07-03,Mexico,0.302
100825,2025-09-28,Russia,0.156
100826,2024-05-26,Russia,0.033
100827,2024-10-17,Kazakhstan,0.604
100828,2024-05-31,USA,0.349
100829,2024-10-05,Russia,0.192
100830,2024-01-02,Mexico,0.323
100831,2025-04-08,Russia,0.13
100832,2024-06-06,Russia,0.05
100833,2025-07-13,Belarus,0.124
100834,2025-04-26,Mexico,0.127
100835,2024-08-12,USA,0.481
100836,2024-10-31,USA,0.05
100837,2025-03-24,Russia,0.293
100838,2024-10-06,Mexico,0.422
100839,2024-05-20,Mexico,0.31
100840,2024-01-29,Kazakhstan,0.111
100841,2025-01-04,Mexico,0.247
100842,2024-12-22,USA,0.404
100843,2025-05-30,Kazakhstan,0.281
100844,2024-03-27,USA,0.049
100845,2024-02-13,Russia,0.097
100846,2025-05-08,Russia,0.201
100847,2025-05-02,Mexico,0.62
100848,2025-06-19,Russia,0.405
100849,2024-01-11,Belarus,0.591
100850,2025-03-15,Kazakhstan,0.611
100851,2025-10-04,Russia,0.097
100852,2025-05-26,Mexico,0.282
100853,2024-11-10,Mexico,0.392
100854,2024-11-14,Russia,0.311
100855,2024-10-01,Russia,0.125
100856,2024-02-06,Mexico,0.271
100857,2025-04-27,USA,0.446
100858,2024-12-26,USA,0.383
100859,2024-12-16,Kazakhstan,0.25
100860,2025-09-16,Russia,0.17
100861,2025-05-04,Kazakhstan,0.201
100862,2025-10-04,Russia,0.173
100863,2024-02-26,Kazakhstan,0.654
100864,2025-09-29,Russia,0.065
100865,2025-01-12,Russia,0.111
100866,2024-09-26,Kazakhstan,0.477
100867,2025-01-08,Russia,0.418
100868,2024-01-25,Kazakhstan,0.193
100869,2025-09-16,Mexico,0.406
100870,2025-02-25,Mexico,0.092
100871,2024-01-27,USA,0.377
100872,2025-09-04,USA,0.065
100873,2024-10-30,Mexico,0.189
100874,2024-03-20,USA,0.029
100875,2025-02-26,Kazakhstan,0.109
100876,2024-02-16,Mexico,0.339
100877,2025-01-04,Russia,0.227
100878,2025-05-25,Belarus,0.235
100879,2024-02-19,USA,0.434
100880,2025-06-13,Belarus,0.261
100881,2025-02-01,Kazakhstan,0.044
100882,2024-08-05,Mexico,0.06
100883,2024-05-28,Russia,0.114
100884,2024-01-08,Mexico,0.558
100885,2024-05-11,Russia,0.295
100886,2024-07-09,Russia,0.157
100887,2025-08-11,Russia,0.197
100888,2024-12-10,Russia,0.248
100889,2024-05-12,USA,0.06
100890,2025-05-12,Russia,0.08
100891,2024-10-31,Russia,0.107
100892,2025-07-13,Belarus,0.235
100893,2025-05-17,Mexico,0.59
100894,2025-09-17,Mexico,0.338
100895,2025-04-18,Kazakhstan,0.32
100896,2024-03-13,Russia,0.107
100897,2025-01-05,USA,0.16
100898,2024-10-11,Russia,0.08
100899,2025-06-24,Russia,0.528
100900,2024-04-13,Russia,0.203
100901,2024-11-08,Kazakhstan,0.085
100902,2025-07-07,USA,0.456
100903,2025-02-19,Mexico,0.09
100904,2024-01-26,Belarus,0.353
100905,2025-07-02,Belarus,0.093
100906,2024-09-02,Mexico,0.081
100907,2025-03-30,Mexico,0.222
100908,2025-03-13,Russia,0.18
100909,2025-03-06,Russia,0.425
100910,2024-10-06,Russia,0.332
100911,2024-09-29,Mexico,0.314
100912,2024-03-08,Mexico,0.313
100913,2025-01-09,Mexico,0.191
100914,2024-07-13,Russia,0.156
100915,2024-09-22,USA,0.433
100916,2024-04-22,Kazakhstan,0.064
100917,2025-05-13,USA,0.324
100918,2025-09-10,Belarus,0.176
100919,2024-09-11,Belarus,0.381
100920,2024-10-10,Mexico,0.434
100921,2024-11-08,Mexico,0.265
100922,2024-02-18,Mexico,0.508
100923,2025-05-21,Russia,0.554
100924,2025-08-13,Belarus,0.15
100925,2024-12-03,Russia,0.118
100926,2024-02-11,Russia,0.02
100927,2024-08-14,Russia,0.228
100928,2024-04-15,Kazakhstan,0.042
100929,2025-07-07,Russia,0.09
100930,2025-06-20,Mexico,0.112
100931,2024-09-12,Russia,0.499
100932,2024-09-09,Russia,0.206
100933,2025-07-19,USA,0.087
100934,2024-02-29,Russia,0.361
100935,2025-06-10,Kazakhstan,0.235
100936,2025-10-06,Russia,0.203
100937,2024-10-26,Russia,0.235
100938,2025-05-20,Kazakhstan,0.213
100939,2025-04-22,Mexico,0.638
100940,2025-08-23,Russia,0.302
100941,2024-01-24,Mexico,0.376
100942,2025-04-17,USA,0.118
100943,2024-09-18,Belarus,0.042
100944,2025-07-29,Russia,0.335
100945,2025-07-30,Russia,0.061
100946,2024-07-10,Russia,0.105
100947,2025-01-23,Russia,0.066
100948,2024-11-26,USA,0.336
100949,2025-01-08,Russia,0.031
100950,2025-07-11,Mexico,0.531
100951,2025-03-21,Mexico,0.302
100952,2025-05-21,Russia,0.209
100953,2025-03-30,Russia,0.196
100954,2024-06-16,Mexico,0.468
100955,2025-01-26,Mexico,0.422
100956,2024-09-11,Russia,0.249
100957,2024-10-08,USA,0.212
100958,2024-03-15,Russia,0.201
100959,2024-05-02,Kazakhstan,0.419
100960,2024-08-18,Russia,0.213
100961,2024-07-15,Mexico,0.225
100962,2025-03-02,Russia,0.652
100963,2024-07-15,Russia,0.271
100964,2024-06-15,Mexico,0.343
100965,2024-10-15,Kazakhstan,0.128
100966,2025-01-15,Mexico,0.178
100967,2025-10-31,Mexico,0.071
100968,2024-12-07,Belarus,0.569
100969,2024-08-24,Russia,0.219
100970,2024-08-03,Mexico,0.167
100971,2024-10-26,Russia,0.208
100972,2025-09-12,Russia,0.064
100973,2024-09-05,Kazakhstan,0.022
100974,2024-06-14,Russia,0.166
100975,2025-01-24,Russia,0.302
100976,2025-06-02,Mexico,0.276
100977,2025-09-27,Mexico,0.329
100978,2024-07-07,Russia,0.456
100979,2025-08-18,Kazakhstan,0.421
100980,2025-07-27,Russia,0.241
100981,2024-09-09,Belarus,0.293
100982,2024-08-12,Belarus,0.227
100983,2024-06-27,USA,0.148
100984,2024-07-31,Russia,0.689
100985,2025-08-15,USA,0.158
100986,2024-07-27,USA,0.536
100987,2024-11-26,Russia,0.333
100988,2025-09-18,Mexico,0.389
100989,2025-04-04,Mexico,0.333
100990,2024-03-28,Mexico,0.113
100991,2024-02-19,Russia,0.14
100992,2024-05-29,Mexico,0.301
100993,2025-08-03,USA,0.418
100994,2024-06-01,Russia,0.191
100995,2024-07-28,Kazakhstan,0.283
100996,2024-12-27,Russia,0.446
100997,2024-11-27,USA,0.159
100998,2024-02-20,Mexico,0.311
100999,2024-05-12,Russia,0.269
101000,2025-10-28,Mexico,0.383
101001,2024-10-08,Mexico,0.483
101002,2024-07-05,Russia,0.455
101003,2025-07-08,Belarus,0.055
101004,2024-11-08,Mexico,0.276
101005,2025-07-08,Russia,0.203
101006,2024-04-16,Kazakhstan,0.198
101007,2024-11-13,USA,0.261
101008,2025-06-26,Mexico,0.005
101009,2025-05-29,Kazakhstan,0.115
101010,2025-03-29,Russia,0.405
101011,2024-11-02,Russia,0.156
101012,2025-07-06,USA,0.299
101013,2024-09-07,Mexico,0.008
101014,2025-03-18,Mexico,0.173
101015,2024-12-31,Belarus,0.226
101016,2024-07-21,Belarus,0.315
101017,2024-05-14,Belarus,0.286
101018,2024-12-22,Mexico,0.456
101019,2024-07-31,Russia,0.116
101020,2024-12-12,Kazakhstan,0.36
101021,2025-04-18,Kazakhstan,0.045
101022,2025-06-21,Mexico,0.379
101023,2025-05-31,Russia,0.155
101024,2024-12-07,Russia,0.417
101025,2024-02-07,Russia,0.302
101026,2024-04-30,Russia,0.354
101027,2025-05-05,USA,0.402
101028,2025-02-02,Mexico,0.264
101029,2025-07-01,Mexico,0.079
101030,2024-11-24,Kazakhstan,0.765
101031,2024-10-25,Russia,0.447
101032,2024-06-13,Kazakhstan,0.437
101033,2024-02-11,USA,0.286
101034,2024-04-06,Kazakhstan,0.241
101035,2025-04-02,Mexico,0.241
101036,2025-01-23,Russia,0.184
101037,2024-06-13,Russia,0.223
101038,2024-08-31,Mexico,0.262
101039,2025-03-07,Kazakhstan,0.059
101040,2024-09-13,Russia,0.324
101041,2024-09-09,Russia,0.357
101042,2024-06-30,Mexico,0.672
101043,2025-03-02,Russia,0.018
101044,2025-08-19,Belarus,0.179
101045,2024-06-21,Russia,0.118
101046,2024-07-14,Mexico,0.121
101047,2024-11-15,Russia,0.198
101048,2024-05-07,Kazakhstan,0.417
101049,2024-12-17,USA,0.441
101050,2025-08-16,Mexico,0.199
101051,2025-02-26,Mexico,0.623
101052,2024-04-20,Russia,0.168
101053,2024-05-16,USA,0.325
101054,2024-02-21,Kazakhstan,0.335
101055,2025-10-06,USA,0.087
101056,2024-08-19,USA,0.197
101057,2024-07-12,Mexico,0.188
101058,2025-07-29,Mexico,0.156
101059,2024-07-24,Belarus,0.187
101060,2024-06-04,Mexico,0.29
101061,2024-06-20,Russia,0.187
101062,2024-09-22,USA,0.136
101063,2024-02-15,Mexico,0.347
101064,2025-03-05,Russia,0.33
101065,2024-10-10,Russia,0.25
101066,2025-10-12,Belarus,0.266
101067,2025-06-01,Mexico,0.166
101068,2024-09-14,Russia,0.325
101069,2025-04-20,USA,0.313
101070,2025-06-24,Russia,0.469
101071,2024-05-11,USA,0.439
101072,2024-04-17,Mexico,0.285
101073,2024-04-01,Kazakhstan,0.253
101074,2024-01-31,Russia,0.26
101075,2024-08-03,Russia,0.389
101076,2025-06-15,Russia,0.092
101077,2025-05-29,Mexico,0.332
101078,2024-09-10,Mexico,0.161
101079,2024-11-23,USA,0.315
101080,2025-05-29,Russia,0.331
101081,2025-09-10,USA,0.486
101082,2024-07-07,Russia,0.202
101083,2025-03-15,USA,0.325
101084,2025-02-01,USA,0.355
101085,2025-02-20,Russia,0.445
101086,2025-06-21,USA,0.339
101087,2025-05-29,Mexico,0.336
101088,2024-09-22,Mexico,0.313
101089,2025-05-17,USA,0.181
101090,2024-02-06,Belarus,0.278
101091,2024-08-18,Kazakhstan,0.175
101092,2024-05-25,Russia,0.562
101093,2024-06-21,USA,0.324
101094,2025-08-27,USA,0.299
101095,2024-10-20,Russia,0.013
101096,2024-02-18,Mexico,0.085
101097,2024-11-23,Russia,0.228
101098,2024-02-16,Russia,0.478
101099,2024-04-04,Russia,0.097
101100,2024-09-13,Belarus,0.035
101101,2024-10-22,Russia,0.518
101102,2024-06-04,Russia,0.215
101103,2025-03-04,Russia,0.67
101104,2024-11-28,Russia,0.126
101105,2024-03-31,Mexico,0.137
101106,2025-07-04,Russia,0.487
101107,2024-04-02,Kazakhstan,0.156
101108,2024-08-28,Belarus,0.335
101109,2024-04-26,Russia,0.248
101110,2025-09-24,Russia,0.209
101111,2024-07-08,USA,0.155
101112,2025-08-03,USA,0.082
101113,2025-10-06,USA,0.469
101114,2024-05-26,Russia,0.158
101115,2024-01-18,Mexico,0.431
101116,2024-01-10,Kazakhstan,0.16
101117,2024-05-03,Russia,0.223
101118,2024-09-25,Kazakhstan,0.173
101119,2024-04-20,USA,0.328
101120,2025-10-03,USA,0.096
101121,2024-11-13,Kazakhstan,0.43
101122,2025-07-22,Russia,0.125
101123,2024-01-11,USA,0.134
101124,2024-03-29,USA,0.222
101125,2024-11-02,Kazakhstan,0.297
101126,2024-04-18,Russia,0.313
101127,2024-04-19,Belarus,0.394
101128,2024-01-17,Mexico,0.468
101129,2024-06-29,Kazakhstan,0.282
101130,2025-05-26,Russia,0.322
101131,2025-06-14,Russia,0.076
101132,2024-12-06,Russia,0.122
101133,2024-05-03,Russia,0.156
101134,2024-10-28,Russia,0.212
101135,2025-02-17,USA,0.51
101136,2024-04-08,Russia,0.233
101137,2024-09-29,Mexico,0.107
101138,2025-07-05,Mexico,0.219
101139,2024-10-06,Kazakhstan,0.88
101140,2024-11-11,Belarus,0.119
101141,2025-07-01,Russia,0.125
101142,2025-03-25,Mexico,0.407
101143,2024-04-17,Mexico,0.088
101144,2025-02-12,Mexico,0.423
101145,2025-09-10,Kazakhstan,0.589
101146,2024-05-21,USA,0.318
101147,2025-08-21,USA,0.458
101148,2025-01-27,Belarus,0.025
101149,2025-03-23,Mexico,0.252
101150,2024-08-09,Russia,0.041
101151,2024-02-03,USA,0.352
101152,2024-01-18,Mexico,0.249
101153,2025-03-20,USA,0.579
101154,2025-10-20,Russia,0.628
101155,2025-02-06,USA,0.707
101156,2024-08-27,Russia,0.624
101157,2025-06-01,Belarus,0.364
101158,2025-09-25,Russia,0.356
101159,2024-05-23,Russia,0.223
101160,2024-03-10,Mexico,0.238
101161,2025-09-30,Russia,0.721
101162,2024-01-31,Kazakhstan,0.74
101163,2025-08-16,Russia,0.158
101164,2024-04-06,USA,0.636
101165,2024-03-17,Russia,0.137
101166,2024-07-04,Russia,0.819
101167,2024-07-30,USA,0.454
101168,2024-08-09,Mexico,0.632
101169,2024-01-22,Mexico,0.483
101170,2025-07-26,USA,0.33
101171,2025-07-10,Russia,0.401
101172,2025-03-31,Mexico,0.241
101173,2025-09-05,Mexico,0.136
101174,2025-09-20,Mexico,0.305
101175,2025-10-25,Mexico,0.46
101176,2024-09-08,Russia,0.362
101177,2025-02-13,Russia,0.44
101178,2025-05-26,Mexico,0.37
101179,2025-03-22,Belarus,0.193
101180,2025-06-14,Russia,0.112
101181,2025-03-30,Russia,0.221
101182,2024-09-16,Belarus,0.086
101183,2025-01-16,Russia,0.287
101184,2024-05-13,Mexico,0.307
101185,2025-09-30,Russia,0.499
101186,2025-08-22,Mexico,0.283
101187,2025-02-11,Russia,0.199
101188,2025-05-29,Kazakhstan,0.36
101189,2024-08-12,Russia,0.391
101190,2024-09-12,Mexico,0.296
101191,2024-12-09,Belarus,0.182
101192,2024-06-25,Russia,0.539
101193,2024-01-13,USA,0.402
101194,2024-09-21,Mexico,0.245
101195,2025-04-30,Russia,0.094
101196,2024-06-23,USA,0.469
101197,2025-04-09,Russia,0.021
101198,2025-02-05,USA,0.271
101199,2024-10-09,Russia,0.469
101200,2025-05-01,USA,0.516
101201,2025-07-24,Russia,0.223
101202,2025-09-29,Mexico,0.338
101203,2025-05-21,Russia,0.376
101204,2024-03-02,Kazakhstan,0.59
101205,2024-08-13,Mexico,0.187
101206,2024-12-19,Russia,0.245
101207,2024-02-21,Russia,0.505
101208,2024-10-07,Russia,0.491
101209,2024-03-29,Mexico,0.28
101210,2025-01-06,Russia,0.193
101211,2024-05-03,Kazakhstan,0.263
101212,2024-06-30,Russia,0.365
101213,2024-07-22,Russia,0.269
101214,2025-10-14,USA,0.237
101215,2024-10-26,Kazakhstan,0.171
101216,2025-01-07,Mexico,0.373
101217,2025-09-13,Mexico,0.308
101218,2024-01-10,Mexico,0.098
101219,2024-07-05,Russia,0.358
101220,2024-10-11,Russia,0.226
101221,2025-08-25,Kazakhstan,0.44
101222,2025-04-29,Russia,0.609
101223,2025-03-31,Russia,0.262
101224,2024-09-10,USA,0.22
101225,2025-07-25,Mexico,0.267
101226,2024-05-04,Kazakhstan,0.507
101227,2024-09-27,Russia,0.101
101228,2024-08-26,Mexico,0.3
101229,2024-01-03,Belarus,0.576
101230,2024-03-02,Russia,0.47
101231,2025-06-11,USA,0.714
101232,2025-09-24,USA,0.381
101233,2024-06-13,USA,0.422
101234,2024-02-21,Mexico,0.045
101235,2024-04-05,Belarus,0.438
101236,2024-02-09,Russia,0.423
101237,2025-06-19,Mexico,0.254
101238,2024-02-02,Russia,0.091
101239,2025-04-04,Belarus,0.334
101240,2025-06-15,Russia,0.285
101241,2024-05-22,Russia,0.162
101242,2024-06-02,Mexico,0.256
101243,2024-06-28,Russia,0.243
101244,2025-05-23,Mexico,0.362
101245,2025-09-21,Mexico,0.159
101246,2025-05-21,Mexico,0.392
101247,2024-06-28,Belarus,0.42
101248,2025-04-25,USA,0.43
101249,2025-04-15,Mexico,0.131
101250,2024-10-10,USA,0.376
101251,2024-03-27,USA,0.46
101252,2024-07-29,Russia,0.371
101253,2025-06-30,Russia,0.215
101254,2024-12-11,Kazakhstan,0.137
101255,2024-03-19,Russia,0.089
101256,2025-09-04,Russia,0.254
101257,2024-12-11,USA,0.117
101258,2024-08-21,Russia,0.187
101259,2024-01-24,Russia,0.228
101260,2025-01-18,Mexico,0.315
101261,2025-01-03,Russia,0.086
101262,2024-04-11,Russia,0.445
101263,2025-07-21,USA,0.161
101264,2024-12-03,Mexico,0.177
101265,2024-02-26,Kazakhstan,0.408
101266,2024-05-10,Russia,0.239
101267,2024-07-02,Russia,0.04
101268,2025-05-17,USA,0.056
101269,2025-05-27,Mexico,0.329
101270,2025-07-04,Russia,0.352
101271,2025-02-11,Mexico,0.527
101272,2025-09-01,Russia,0.31
101273,2024-07-28,Mexico,0.472
101274,2025-01-25,Russia,0.524
101275,2025-02-25,Russia,0.296
101276,2024-09-03,Russia,0.325
101277,2024-10-31,Russia,0.234
101278,2025-04-17,USA,0.23
101279,2025-07-31,USA,0.336
101280,2025-09-09,Mexico,0.256
101281,2024-07-15,Mexico,0.214
101282,2025-04-25,Russia,0.269
101283,2025-05-22,Russia,0.25
101284,2025-09-20,USA,0.339
101285,2025-03-01,USA,0.393
101286,2024-05-14,Kazakhstan,0.161
101287,2025-05-11,Mexico,0.298
101288,2024-04-24,USA,0.242
101289,2024-09-10,USA,0.14
101290,2024-11-23,Russia,0.135
101291,2025-04-30,Mexico,0.537
101292,2024-04-22,Kazakhstan,0.224
101293,2025-04-12,Kazakhstan,0.05
101294,2024-04-06,Kazakhstan,0.254
101295,2024-09-16,Russia,0.089
101296,2024-03-22,Russia,0.011
101297,2024-01-18,Mexico,0.566
101298,2024-08-06,Mexico,0.372
101299,2025-10-07,USA,0.226
101300,2025-01-10,Russia,0.13
101301,2025-04-23,Russia,0.195
101302,2024-06-02,Belarus,0.583
101303,2024-05-17,USA,0.219
101304,2025-08-29,Kazakhstan,0.133
101305,2025-05-04,Russia,0.353
101306,2024-11-23,Belarus,0.328
101307,2024-07-05,USA,0.355
101308,2025-07-31,USA,0.7
101309,2024-11-10,USA,0.296
101310,2024-02-05,Kazakhstan,0.363
101311,2025-07-30,Russia,0.202
101312,2024-10-06,USA,0.035
101313,2024-10-27,Mexico,0.312
101314,2024-09-12,USA,0.274
101315,2024-07-11,Kazakhstan,0.314
101316,2025-02-06,Russia,0.195
101317,2024-07-23,Russia,0.288
101318,2024-12-07,USA,0.556
101319,2024-02-21,USA,0.235
101320,2025-07-12,Russia,0.086
101321,2024-05-27,USA,0.164
101322,2025-02-09,Kazakhstan,0.16
101323,2024-06-30,Kazakhstan,0.625
101324,2024-05-04,Belarus,0.228
101325,2024-04-25,Russia,0.144
101326,2025-04-18,Russia,0.573
101327,2024-02-12,Russia,0.462
101328,2025-06-17,Russia,0.644
101329,2024-11-08,Kazakhstan,0.328
101330,2024-10-31,Russia,0.294
101331,2024-05-23,Mexico,0.48
101332,2024-08-27,Russia,0.081
101333,2025-05-09,Kazakhstan,0.572
101334,2025-08-19,Mexico,0.521
101335,2025-09-10,Russia,0.438
101336,2025-02-20,Kazakhstan,0.246
101337,2024-07-01,Belarus,0.483
101338,2024-02-21,Belarus,0.595
101339,2025-01-18,USA,0.241
101340,2025-01-04,Mexico,0.226
101341,2024-12-05,Russia,0.083
101342,2024-12-18,Mexico,0.234
101343,2024-02-20,Belarus,0.282
101344,2024-09-20,Mexico,0.294
101345,2024-03-24,Russia,0.209
101346,2025-07-26,Kazakhstan,0.311
101347,2025-08-15,Mexico,0.097
101348,2025-07-05,Mexico,0.122
101349,2024-11-13,Mexico,0.157
101350,2025-06-21,Russia,0.256
101351,2025-06-23,Mexico,0.037
101352,2024-08-21,Belarus,0.212
101353,2024-02-14,Mexico,0.351
101354,2025-07-19,USA,0.165
101355,2025-02-02,Kazakhstan,0.093
101356,2024-10-27,USA,0.342
101357,2025-08-02,USA,0.168
101358,2025-09-29,Mexico,0.122
101359,2025-08-03,Russia,0.231
101360,2024-01-09,Belarus,0.469
101361,2024-01-04,Russia,0.244
101362,2024-11-23,Mexico,0.462
101363,2024-12-15,USA,0.303
101364,2024-06-05,Russia,0.41
101365,2024-09-04,Mexico,0.544
101366,2025-01-14,Mexico,0.429
101367,2025-05-24,Russia,0.27
101368,2025-05-22,USA,0.692
101369,2024-02-19,Kazakhstan,0.468
101370,2024-09-13,Russia,0.286
101371,2024-06-26,Russia,0.256
101372,2024-07-12,Mexico,0.299
101373,2025-06-28,Russia,0.443
101374,2024-10-14,Kazakhstan,0.338
101375,2024-11-10,Russia,0.267
101376,2025-10-17,Belarus,0.269
101377,2024-10-30,Kazakhstan,0.371
101378,2025-05-18,Mexico,0.17
101379,2025-10-10,Mexico,0.541
101380,2025-10-16,Mexico,0.124
101381,2024-08-02,Russia,0.373
101382,2024-09-27,Russia,0.431
101383,2024-01-28,USA,0.395
101384,2025-05-16,USA,0.553
101385,2024-09-19,Mexico,0.437
101386,2024-01-09,USA,0.396
101387,2024-04-12,Mexico,0.505
101388,2024-04-29,Belarus,0.619
101389,2024-02-24,Kazakhstan,0.754
101390,2024-02-17,Russia,0.322
101391,2025-01-15,Kazakhstan,0.113
101392,2024-06-05,Russia,0.043
101393,2025-09-30,Kazakhstan,0.299
101394,2025-01-18,Kazakhstan,0.248
101395,2025-01-23,Russia,0.659
101396,2024-12-17,Kazakhstan,0.281
101397,2025-03-09,Russia,0.385
101398,2025-06-08,Mexico,0.52
101399,2024-08-04,Mexico,0.174
101400,2025-02-15,Belarus,0.095
101401,2025-01-17,Mexico,0.282
101402,2025-04-04,Belarus,0.413
101403,2025-05-19,Russia,0.169
101404,2025-05-26,Russia,0.356
101405,2025-01-29,USA,0.366
101406,2024-02-17,USA,0.061
101407,2025-06-21,Russia,0.121
101408,2025-10-10,Russia,0.147
101409,2025-01-03,USA,0.38
101410,2024-10-21,USA,0.21
101411,2024-05-12,Belarus,0.56
101412,2024-11-03,Mexico,0.18
101413,2025-01-25,Belarus,0.19
101414,2025-06-03,USA,0.161
101415,2024-11-24,Russia,0.521
101416,2024-05-01,Kazakhstan,0.269
101417,2024-04-21,Mexico,0.178
101418,2024-12-23,Russia,0.478
101419,2025-02-18,Mexico,0.192
101420,2025-08-14,Russia,0.57
101421,2025-07-01,Mexico,0.156
101422,2025-01-23,Mexico,0.369
101423,2024-03-31,Kazakhstan,0.503
101424,2025-07-07,USA,0.333
101425,2024-12-31,Mexico,0.114
101426,2025-07-18,Mexico,0.118
101427,2025-05-06,Russia,0.436
101428,2024-07-31,Russia,0.38
101429,2024-09-27,Mexico,0.039
101430,2024-10-03,USA,0.165
101431,2024-06-29,Mexico,0.217
101432,2025-05-30,USA,0.433
101433,2024-09-06,Russia,0.151
101434,2025-04-12,USA,0.357
101435,2024-12-28,USA,0.214
101436,2024-09-30,Mexico,0.536
101437,2025-04-05,Kazakhstan,0.363
101438,2024-04-26,Mexico,0.42
101439,2025-01-09,Russia,0.356
101440,2024-04-08,Mexico,0.27
101441,2024-03-12,Mexico,0.214
101442,2025-07-09,Belarus,0.294
101443,2025-07-01,Russia,0.592
101444,2025-03-27,Russia,0.38
101445,2025-09-10,Russia,0.248
101446,2025-02-10,Mexico,0.086
101447,2024-03-08,Russia,0.342
101448,2024-09-14,Russia,0.322
101449,2024-06-16,Russia,0.458
101450,2025-04-28,Kazakhstan,0.525
101451,2024-04-26,Belarus,0.085
101452,2025-02-08,USA,0.331
101453,2025-07-22,USA,0.051
101454,2024-05-02,USA,0.09
101455,2025-09-01,USA,0.38
101456,2025-04-16,Kazakhstan,0.303
101457,2024-01-30,Russia,0.307
101458,2024-12-23,USA,0.087
101459,2024-08-10,Russia,0.28
101460,2025-04-13,Mexico,0.761
101461,2024-05-08,Russia,0.406
101462,2024-11-25,Mexico,0.127
101463,2024-11-10,Russia,0.354
101464,2024-11-29,Kazakhstan,0.144
101465,2025-09-09,Russia,0.424
101466,2025-09-23,USA,0.297
101467,2024-02-17,Belarus,0.189
101468,2025-06-11,Mexico,0.487
101469,2024-04-24,Russia,0.222
101470,2024-04-15,Russia,0.477
101471,2024-11-22,USA,0.428
101472,2025-10-15,Mexico,0.174
101473,2024-12-17,Mexico,0.29
101474,2025-01-27,USA,0.236
101475,2025-05-14,Belarus,0.398
101476,2024-11-15,Russia,0.299
101477,2024-10-20,Belarus,0.336
101478,2025-04-11,Russia,0.384
101479,2024-04-04,Kazakhstan,0.151
101480,2025-08-12,Kazakhstan,0.444
101481,2024-08-24,Belarus,0.124
101482,2025-01-29,USA,0.43
101483,2025-10-20,Mexico,0.161
101484,2025-05-25,Kazakhstan,0.185
101485,2025-05-17,Mexico,0.209
101486,2025-06-30,USA,0.267
101487,2024-03-18,Mexico,0.124
101488,2024-10-22,Belarus,0.289
101489,2025-06-25,USA,0.148
101490,2024-06-24,Kazakhstan,0.302
101491,2024-07-27,Russia,0.412
101492,2025-08-11,Russia,0.056
101493,2025-06-07,Mexico,0.45
101494,2024-06-16,Russia,0.311
101495,2024-01-09,Kazakhstan,0.404
101496,2024-11-19,Kazakhstan,0.567
101497,2025-08-06,Russia,0.229
101498,2025-01-01,Russia,0.35
101499,2024-04-18,Russia,0.057
101500,2024-11-19,Mexico,0.441
101501,2024-11-01,Russia,0.118
101502,2025-02-08,Kazakhstan,0.263
101503,2025-03-19,USA,0.561
101504,2024-06-12,Mexico,0.534
101505,2024-12-06,Mexico,0.139
101506,2024-11-24,Mexico,0.073
101507,2024-04-20,USA,0.223
101508,2024-11-30,Russia,0.158
101509,2024-04-03,Kazakhstan,0.267
101510,2024-05-11,USA,0.278
101511,2024-07-09,Kazakhstan,0.514
101512,2025-10-12,USA,0.427
101513,2024-02-05,Russia,0.151
101514,2025-07-28,Russia,0.173
101515,2024-05-25,USA,0.162
101516,2025-09-27,Kazakhstan,0.309
101517,2024-03-28,Kazakhstan,0.31
101518,2025-02-12,USA,0.184
101519,2024-11-07,Russia,0.188
101520,2024-05-31,USA,0.028
101521,2024-08-26,Kazakhstan,0.193
101522,2024-09-29,Russia,0.226
101523,2025-01-28,Russia,0.34
101524,2025-05-06,Kazakhstan,0.286
101525,2024-07-07,Kazakhstan,0.198
101526,2024-09-12,USA,0.322
101527,2024-01-23,Russia,0.123
101528,2024-06-22,Russia,0.112
101529,2024-08-09,Russia,0.373
101530,2025-06-24,Belarus,0.206
101531,2025-05-20,Mexico,0.737
101532,2025-06-01,Kazakhstan,0.063
101533,2024-06-20,Belarus,0.254
101534,2024-05-23,Mexico,0.339
101535,2024-09-28,Russia,0.599
101536,2024-10-13,Russia,0.138
101537,2025-05-20,USA,0.214
101538,2025-08-03,Russia,0.717
101539,2024-09-29,USA,0.67
101540,2024-05-24,Kazakhstan,0.034
101541,2025-08-17,Russia,0.511
101542,2024-12-25,Russia,0.144
101543,2025-09-07,Russia,0.56
101544,2024-09-18,Russia,0.374
101545,2024-07-27,Kazakhstan,0.608
101546,2024-02-10,Kazakhstan,0.14
101547,2025-05-08,Belarus,0.249
101548,2024-11-28,Kazakhstan,0.315
101549,2024-06-18,Russia,0.244
101550,2024-10-26,Russia,0.343
101551,2024-04-03,USA,0.397
101552,2025-10-12,Russia,0.195
101553,2024-10-20,Mexico,0.106
101554,2024-07-20,Kazakhstan,0.498
101555,2025-02-07,Mexico,0.215
101556,2025-06-16,Russia,0.427
101557,2025-09-18,Russia,0.345
101558,2025-04-01,Kazakhstan,0.127
101559,2024-04-07,USA,0.823
101560,2024-10-07,Russia,0.033
101561,2025-04-22,Russia,0.125
101562,2025-07-05,Russia,0.185
101563,2024-11-14,USA,0.244
101564,2025-07-24,Russia,0.556
101565,2024-03-29,Russia,0.053
101566,2024-08-18,Belarus,0.071
101567,2025-10-13,USA,0.076
101568,2024-05-11,Belarus,0.334
101569,2025-04-11,Russia,0.53
101570,2024-05-21,Kazakhstan,0.289
101571,2024-03-27,Russia,0.272
101572,2024-04-16,Russia,0.096
101573,2025-08-29,USA,0.29
101574,2025-10-18,Kazakhstan,0.223
101575,2024-03-10,Russia,0.436
101576,2025-04-19,USA,0.327
101577,2024-03-03,USA,0.154
101578,2025-07-03,Mexico,0.263
101579,2024-08-10,Russia,0.289
101580,2024-02-01,Russia,0.489
101581,2025-09-20,Belarus,0.325
101582,2025-09-08,Belarus,0.389
101583,2024-01-23,USA,0.373
101584,2024-09-18,USA,0.501
101585,2025-09-07,USA,0.511
101586,2024-08-22,Russia,0.386
101587,2025-02-13,Belarus,0.084
101588,2025-08-05,Russia,0.382
101589,2024-02-14,Kazakhstan,0.448
101590,2024-11-25,Russia,0.272
101591,2025-01-15,Russia,0.168
101592,2025-09-11,Russia,0.353
101593,2024-11-03,Russia,0.103
101594,2025-07-15,Russia,0.71
101595,2025-01-12,Mexico,0.172
101596,2024-10-16,Russia,0.23
101597,2025-05-08,Russia,0.673
101598,2025-07-21,Mexico,0.411
101599,2025-03-30,Mexico,0.178
101600,2025-02-18,Mexico,0.234
101601,2025-10-30,Mexico,0.322
101602,2025-02-07,Mexico,0.423
101603,2024-04-14,Belarus,0.114
101604,2025-09-07,Mexico,0.469
101605,2025-06-28,Russia,0.506
101606,2024-09-04,Russia,0.151
101607,2024-10-02,Mexico,0.143
101608,2025-03-21,Russia,0.384
101609,2025-06-08,Belarus,0.148
101610,2025-04-16,Russia,0.305
101611,2025-08-20,Kazakhstan,0.381
101612,2024-02-17,Mexico,0.382
101613,2025-10-26,Mexico,0.374
101614,2024-11-22,Kazakhstan,0.188
101615,2024-06-27,Russia,0.43
101616,2024-05-24,Mexico,0.065
101617,2024-10-30,Mexico,0.063
101618,2024-07-21,Kazakhstan,0.266
101619,2025-09-23,USA,0.415
101620,2024-11-29,Mexico,0.192
101621,2025-09-25,USA,0.508
101622,2025-03-26,Mexico,0.252
101623,2024-09-06,USA,0.307
101624,2024-09-25,Belarus,0.048
101625,2025-09-21,Mexico,0.141
101626,2025-03-16,USA,0.27
101627,2024-09-28,Russia,0.111
101628,2025-05-16,Kazakhstan,0.34
101629,2024-09-08,Belarus,0.128
101630,2024-05-25,Russia,0.468
101631,2025-05-21,Mexico,0.196
101632,2024-02-26,Mexico,0.303
101633,2024-11-11,USA,0.358
101634,2024-10-02,Russia,0.257
101635,2024-10-27,Kazakhstan,0.294
101636,2024-05-22,USA,0.276
101637,2024-09-15,Kazakhstan,0.307
101638,2024-03-23,Mexico,0.057
101639,2024-10-16,Kazakhstan,0.093
101640,2025-05-08,Russia,0.358
101641,2024-04-03,Russia,0.671
101642,2024-04-10,Russia,0.179
101643,2024-02-10,Kazakhstan,0.401
101644,2025-07-11,Russia,0.098
101645,2025-05-20,Mexico,0.062
101646,2024-01-30,USA,0.66
101647,2025-01-13,Russia,0.12
101648,2024-11-10,Russia,0.504
101649,2025-03-26,Russia,0.177
101650,2024-09-07,USA,0.128
101651,2025-06-21,Russia,0.194
101652,2024-12-05,Mexico,0.244
101653,2024-06-03,Russia,0.282
101654,2024-12-02,Russia,0.268
101655,2024-06-05,Russia,0.644
101656,2024-12-02,Mexico,0.479
101657,2024-07-05,Russia,0.288
101658,2024-10-17,USA,0.542
101659,2024-07-22,Belarus,0.34
101660,2024-12-16,Russia,0.256
101661,2025-05-24,Russia,0.105
101662,2025-04-06,Mexico,0.39
101663,2024-09-07,Mexico,0.119
101664,2024-11-30,Russia,0.376
101665,2024-08-04,Russia,0.209
101666,2024-07-27,Kazakhstan,0.511
101667,2025-03-02,USA,0.081
101668,2025-06-08,Belarus,0.335
101669,2024-05-05,USA,0.402
101670,2024-06-20,Mexico,0.179
101671,2024-03-12,Belarus,0.39
101672,2025-10-26,Kazakhstan,0.087
101673,2025-04-12,Mexico,0.303
101674,2024-04-16,Kazakhstan,0.316
101675,2025-05-21,Mexico,0.193
101676,2024-07-23,Russia,0.176
101677,2024-07-17,Russia,0.061
101678,2024-11-23,USA,0.347
101679,2025-03-02,Kazakhstan,0.135
101680,2025-03-17,USA,0.775
101681,2024-01-23,USA,0.281
101682,2025-05-11,Belarus,0.417
101683,2024-09-27,Russia,0.587
101684,2025-09-05,Mexico,0.208
101685,2025-01-22,Mexico,0.255
101686,2025-09-19,Russia,0.17
101687,2024-06-18,USA,0.327
101688,2025-03-20,Kazakhstan,0.575
101689,2024-08-21,Russia,0.271
101690,2025-07-29,Russia,0.404
101691,2025-02-12,Russia,0.636
101692,2025-05-19,Belarus,0.406
101693,2025-01-30,Mexico,0.541
101694,2025-05-26,Russia,0.114
101695,2024-04-13,Russia,0.1
101696,2024-06-02,Mexico,0.205
101697,2025-04-18,Kazakhstan,0.336
101698,2024-05-03,Kazakhstan,0.163
101699,2024-02-23,Mexico,0.276
101700,2025-01-09,USA,0.101
101701,2025-10-11,USA,0.279
101702,2024-07-26,Mexico,0.211
101703,2024-05-15,Russia,0.7
101704,2025-04-30,Russia,0.312
101705,2024-06-18,Belarus,0.299
101706,2025-06-03,USA,0.553
101707,2024-05-14,Russia,0.145
101708,2024-05-06,Kazakhstan,0.188
101709,2025-10-26,Kazakhstan,0.134
101710,2025-02-05,Kazakhstan,0.259
101711,2024-07-11,Russia,0.365
101712,2024-10-29,Russia,0.423
101713,2025-02-09,Russia,0.164
101714,2024-01-31,Russia,0.258
101715,2025-10-25,Belarus,0.176
101716,2024-11-16,Kazakhstan,0.074
101717,2025-09-28,Mexico,0.099
101718,2025-06-13,Mexico,0.347
101719,2024-01-29,USA,0.464
101720,2025-06-20,Russia,0.152
101721,2024-12-15,USA,0.327
101722,2025-08-13,Kazakhstan,0.359
101723,2025-02-06,Mexico,0.155
101724,2024-07-05,Mexico,0.265
101725,2025-04-15,Kazakhstan,0.21
101726,2024-07-10,Kazakhstan,0.025
101727,2024-08-13,Mexico,0.587
101728,2025-01-29,Russia,0.145
101729,2024-08-07,Belarus,0.452
101730,2025-09-18,Russia,0.137
101731,2024-01-03,Russia,0.332
101732,2024-09-14,Mexico,0.291
101733,2024-01-24,USA,0.472
101734,2025-04-27,USA,0.188
101735,2025-01-03,Russia,0.502
101736,2024-04-09,Russia,0.598
101737,2024-02-20,Kazakhstan,0.092
101738,2025-05-14,Kazakhstan,0.11
101739,2024-05-15,Russia,0.356
101740,2025-07-18,Mexico,0.174
101741,2024-08-11,Mexico,0.279
101742,2025-01-02,Belarus,0.3
101743,2024-02-17,Mexico,0.236
101744,2024-12-06,Belarus,0.372
101745,2024-01-21,Mexico,0.028
101746,2024-05-29,USA,0.192
101747,2025-09-13,USA,0.173
101748,2025-10-16,USA,0.324
101749,2024-10-18,USA,0.043
101750,2025-08-31,Russia,0.309
101751,2024-05-17,Kazakhstan,0.369
101752,2025-01-28,Mexico,0.466
101753,2025-04-19,Russia,0.126
101754,2025-08-19,Belarus,0.169
101755,2024-01-07,Russia,0.217
101756,2025-02-02,Russia,0.383
101757,2024-06-13,Kazakhstan,0.253
101758,2024-09-16,Russia,0.455
101759,2025-10-05,Kazakhstan,0.233
101760,2025-03-13,Russia,0.514
101761,2025-08-24,USA,0.066
101762,2024-05-07,Russia,0.06
101763,2025-03-02,Kazakhstan,0.23
101764,2025-09-12,Mexico,0.611
101765,2024-03-03,Belarus,0.103
101766,2025-08-08,Russia,0.192
101767,2024-08-01,Russia,0.256
101768,2024-10-09,Belarus,0.276
101769,2024-01-19,Russia,0.21
101770,2025-07-15,Russia,0.198
101771,2024-05-26,Mexico,0.356
101772,2025-10-26,Kazakhstan,0.209
101773,2024-01-18,Russia,0.097
101774,2024-03-14,Belarus,0.383
101775,2024-03-25,Mexico,0.059
101776,2025-03-30,Russia,0.178
101777,2025-02-28,Russia,0.476
101778,2024-05-17,Russia,0.623
101779,2024-03-08,USA,0.248
101780,2024-06-24,Russia,0.311
101781,2024-04-14,Russia,0.351
101782,2025-04-24,Russia,0.627
101783,2025-08-27,Mexico,0.062
101784,2024-10-14,Mexico,0.118
101785,2024-08-12,Russia,0.533
101786,2024-12-16,USA,0.4
101787,2024-08-11,Mexico,0.201
101788,2024-05-01,Russia,0.57
101789,2024-02-27,USA,0.605
101790,2025-03-12,Russia,0.415
101791,2025-06-17,Mexico,0.165
101792,2024-12-14,Russia,0.476
101793,2025-03-29,Kazakhstan,0.574
101794,2024-03-18,Kazakhstan,0.262
101795,2025-01-01,USA,0.114
101796,2025-03-26,Mexico,0.259
101797,2025-02-18,Belarus,0.335
101798,2024-01-17,Russia,0.051
101799,2024-03-08,Kazakhstan,0.035
101800,2025-10-22,Russia,0.313
101801,2024-06-23,USA,0.335
101802,2024-06-04,Mexico,0.456
101803,2025-01-26,Kazakhstan,0.385
101804,2025-05-06,Russia,0.309
101805,2025-09-29,Mexico,0.193
101806,2025-05-13,Russia,0.421
101807,2025-07-01,Mexico,0.22
101808,2025-09-06,Mexico,0.317
101809,2025-03-05,Kazakhstan,0.417
101810,2025-02-09,Mexico,0.1
101811,2024-12-13,Kazakhstan,0.063
101812,2024-05-17,Russia,0.545
101813,2024-01-11,Kazakhstan,0.239
101814,2024-03-23,Russia,0.164
101815,2025-08-19,Russia,0.342
101816,2024-07-24,Kazakhstan,0.331
101817,2024-02-14,Mexico,0.117
101818,2024-04-03,Russia,0.241
101819,2024-03-27,Kazakhstan,0.342
101820,2024-09-08,USA,0.234
101821,2025-04-09,Mexico,0.269
101822,2025-06-23,USA,0.205
101823,2025-06-28,Mexico,0.155
101824,2025-10-04,Belarus,0.714
101825,2025-06-10,Belarus,0.082
101826,2024-06-25,Belarus,0.344
101827,2024-10-30,Kazakhstan,0.211
101828,2025-03-09,Russia,0.378
101829,2024-04-28,Russia,0.333
101830,2025-04-05,Russia,0.209
101831,2024-01-24,Russia,0.495
101832,2024-05-30,Mexico,0.342
101833,2025-07-24,Belarus,0.21
101834,2024-08-01,Russia,0.599
101835,2025-10-17,Mexico,0.059
101836,2025-07-16,Russia,0.357
101837,2024-06-12,USA,0.573
101838,2025-09-08,Mexico,0.145
101839,2025-08-03,Belarus,0.421
101840,2025-10-20,Kazakhstan,0.295
101841,2024-09-26,Mexico,0.51
101842,2025-08-30,Russia,0.311
101843,2024-07-27,Russia,0.228
101844,2024-08-26,Belarus,0.044
101845,2024-12-04,Russia,0.328
101846,2024-08-30,Kazakhstan,0.777
101847,2024-01-06,Belarus,0.239
101848,2025-04-26,Russia,0.388
101849,2024-10-23,USA,0.377
101850,2025-07-01,Mexico,0.565
101851,2024-05-13,Russia,0.139
101852,2024-05-31,Mexico,0.328
101853,2025-04-22,Belarus,0.352
101854,2025-04-12,Mexico,0.247
101855,2024-12-02,Mexico,0.204
101856,2025-02-07,USA,0.169
101857,2025-08-05,Russia,0.405
101858,2025-08-12,USA,0.057
101859,2025-08-23,Kazakhstan,0.145
101860,2025-10-27,Russia,0.531
101861,2024-07-31,Russia,0.265
101862,2025-06-17,Russia,0.102
101863,2024-07-06,USA,0.547
101864,2025-08-04,Belarus,0.178
101865,2025-09-21,Russia,0.323
101866,2024-10-21,Mexico,0.499
101867,2024-12-03,Kazakhstan,0.435
101868,2024-03-19,Mexico,0.262
101869,2024-03-05,Russia,0.312
101870,2024-05-12,USA,0.506
101871,2024-01-31,USA,0.139
101872,2024-09-24,Russia,0.354
101873,2025-10-25,Kazakhstan,0.151
101874,2025-04-18,Russia,0.243
101875,2025-01-23,Belarus,0.387
101876,2025-05-03,Russia,0.241
101877,2024-02-06,USA,0.317
101878,2025-03-15,Russia,0.097
101879,2024-12-08,Mexico,0.14
101880,2024-03-17,Mexico,0.303
101881,2024-12-03,Russia,0.387
101882,2025-03-21,Russia,0.397
101883,2024-10-18,USA,0.265
101884,2025-09-09,Russia,0.243
101885,2025-09-29,Russia,0.111
101886,2024-08-30,Russia,0.286
101887,2025-09-27,Belarus,0.433
101888,2024-06-11,Russia,0.373
101889,2024-03-24,Russia,0.244
101890,2025-03-10,Belarus,0.123
101891,2024-04-11,Mexico,0.24
101892,2024-08-02,Mexico,0.334
101893,2024-09-30,Kazakhstan,0.223
101894,2025-04-05,Russia,0.355
101895,2025-07-12,Russia,0.355
101896,2025-08-21,Belarus,0.335
101897,2025-02-21,Mexico,0.612
101898,2025-10-07,Kazakhstan,0.142
101899,2025-05-03,USA,0.283
101900,2025-08-08,Russia,0.211
101901,2025-01-20,Mexico,0.281
101902,2024-03-20,Mexico,0.531
101903,2024-05-20,USA,0.253
101904,2024-10-04,USA,0.203
101905,2025-07-01,Russia,0.167
101906,2024-10-04,USA,0.219
101907,2024-01-10,Kazakhstan,0.464
101908,2024-10-16,Mexico,0.122
101909,2025-04-12,USA,0.212
101910,2025-10-25,Belarus,0.223
101911,2024-05-10,Belarus,0.311
101912,2024-07-26,Russia,0.399
101913,2024-11-11,Belarus,0.599
101914,2024-11-23,Russia,0.161
101915,2025-10-15,Kazakhstan,0.461
101916,2024-09-24,Russia,0.264
101917,2024-12-27,USA,0.566
101918,2024-06-17,Mexico,0.621
101919,2024-02-08,Mexico,0.528
101920,2024-09-19,Russia,0.139
101921,2024-10-14,Russia,0.178
101922,2024-04-25,USA,0.455
101923,2025-03-18,Russia,0.085
101924,2024-08-09,USA,0.437
101925,2024-02-07,Kazakhstan,0.294
101926,2024-12-24,Kazakhstan,0.141
101927,2024-06-18,Kazakhstan,0.275
101928,2025-05-02,Kazakhstan,0.407
101929,2024-01-13,Kazakhstan,0.32
101930,2025-05-30,Kazakhstan,0.107
101931,2024-12-27,Mexico,0.623
101932,2025-05-04,Russia,0.61
101933,2024-09-12,Russia,0.16
101934,2025-08-14,Kazakhstan,0.196
101935,2024-12-03,Russia,0.295
101936,2025-10-30,Kazakhstan,0.148
101937,2024-07-17,Kazakhstan,0.128
101938,2025-07-27,Mexico,0.62
101939,2025-03-16,Russia,0.309
101940,2025-09-12,Kazakhstan,0.139
101941,2024-04-25,Mexico,0.173
101942,2024-12-09,Russia,0.486
101943,2025-08-30,Mexico,0.437
101944,2024-06-12,Mexico,0.109
101945,2025-10-05,Russia,0.173
101946,2025-10-10,Kazakhstan,0.028
101947,2024-11-26,Mexico,0.201
101948,2025-05-03,Belarus,0.618
101949,2024-11-07,Mexico,0.063
101950,2025-03-16,USA,0.074
101951,2025-07-29,Mexico,0.476
101952,2025-05-11,Belarus,0.509
101953,2024-07-13,USA,0.151
101954,2025-01-23,Kazakhstan,0.386
101955,2025-06-22,Russia,0.473
101956,2025-01-24,Russia,0.233
101957,2024-07-11,Belarus,0.274
101958,2025-05-18,USA,0.454
101959,2025-04-27,Belarus,0.52
101960,2025-03-01,Russia,0.415
101961,2024-08-11,USA,0.293
101962,2025-01-12,Kazakhstan,0.306
101963,2025-02-07,Russia,0.297
101964,2024-05-23,Belarus,0.444
101965,2025-09-12,Russia,0.6
101966,2025-02-02,Russia,0.334
101967,2024-02-06,Mexico,0.192
101968,2024-06-30,Mexico,0.747
101969,2025-06-24,USA,0.175
101970,2025-04-09,Russia,0.5
101971,2024-12-29,USA,0.334
101972,2024-11-27,Mexico,0.263
101973,2024-09-10,Russia,0.075
101974,2025-09-23,Kazakhstan,0.552
101975,2024-08-22,Mexico,0.433
101976,2025-07-10,Russia,0.284
101977,2024-02-16,Russia,0.19
101978,2024-12-23,Mexico,0.042
101979,2024-06-22,Russia,0.34
101980,2024-10-09,Kazakhstan,0.154
101981,2025-02-21,Kazakhstan,0.177
101982,2024-02-15,USA,0.076
101983,2024-03-06,Belarus,0.032
101984,2025-01-23,Kazakhstan,0.115
101985,2025-03-24,USA,0.2
101986,2024-02-11,Russia,0.264
101987,2025-10-06,Mexico,0.159
101988,2024-10-20,Russia,0.278
101989,2025-10-19,Mexico,0.335
101990,2024-04-01,Mexico,0.048
101991,2025-08-18,Mexico,0.381
101992,2025-03-07,Kazakhstan,0.116
101993,2025-06-24,Russia,0.113
101994,2025-06-25,Mexico,0.345
101995,2024-04-29,USA,0.805
101996,2024-04-22,Russia,0.23
101997,2025-10-12,Russia,0.251
101998,2024-10-16,Russia,0.176
101999,2024-05-15,USA,0.469
102000,2025-02-26,Russia,0.26
102001,2025-08-05,Russia,0.252
102002,2024-07-02,Russia,0.546
102003,2025-08-11,USA,0.111
102004,2024-02-13,Kazakhstan,0.263
102005,2025-02-20,Mexico,0.443
102006,2024-09-08,Mexico,0.34
102007,2024-12-15,Kazakhstan,0.399
102008,2025-02-10,Mexico,0.571
102009,2024-05-14,Kazakhstan,0.242
102010,2024-02-03,Belarus,0.204
102011,2024-12-14,Russia,0.361
102012,2025-09-30,Russia,0.484
102013,2024-07-13,Belarus,0.185
102014,2025-01-09,Russia,0.369
102015,2024-03-25,Russia,0.241
102016,2024-08-18,USA,0.237
102017,2024-03-26,Russia,0.213
102018,2024-03-16,Russia,0.19
102019,2025-06-20,Mexico,0.602
102020,2025-08-28,Belarus,0.072
102021,2025-09-10,Russia,0.51
102022,2025-05-03,Russia,0.184
102023,2024-04-05,Belarus,0.23
102024,2025-09-12,Russia,0.079
102025,2024-01-09,USA,0.26
102026,2024-06-29,Mexico,0.601
102027,2024-06-25,Kazakhstan,0.134
102028,2025-05-13,USA,0.209
102029,2024-03-31,Russia,0.435
102030,2025-10-10,Russia,0.128
102031,2024-05-06,USA,0.292
102032,2025-07-31,Kazakhstan,0.084
102033,2025-01-25,Russia,0.45
102034,2024-06-16,Belarus,0.156
102035,2024-10-09,Mexico,0.333
102036,2024-03-17,Belarus,0.183
102037,2024-10-14,Russia,0.206
102038,2025-04-08,Russia,0.771
102039,2024-05-17,Kazakhstan,0.287
102040,2025-10-06,Russia,0.161
102041,2025-03-21,Russia,0.391
102042,2024-09-03,Mexico,0.396
102043,2024-07-12,Kazakhstan,0.252
102044,2025-06-03,Russia,0.212
102045,2024-09-24,USA,0.066
102046,2025-09-23,Russia,0.384
102047,2024-11-06,USA,0.345
102048,2025-04-14,Belarus,0.425
102049,2025-08-28,Mexico,0.48
102050,2025-09-28,Kazakhstan,0.284
102051,2024-06-14,Mexico,0.435
102052,2024-10-17,Russia,0.324
102053,2025-04-26,Russia,0.36
102054,2024-10-02,USA,0.265
102055,2024-07-26,Russia,0.233
102056,2025-02-19,Kazakhstan,0.059
102057,2025-08-22,Mexico,0.578
102058,2024-11-07,Russia,0.315
102059,2024-09-21,Russia,0.267
102060,2025-05-25,USA,0.553
102061,2024-12-04,Russia,0.694
102062,2024-07-26,Russia,0.299
102063,2025-08-10,USA,0.272
102064,2025-02-12,Russia,0.183
102065,2025-03-26,Russia,0.362
102066,2025-06-28,USA,0.29
102067,2024-03-04,Russia,0.158
102068,2025-07-24,USA,0.309
102069,2024-04-01,Mexico,0.341
102070,2024-01-08,USA,0.186
102071,2025-10-25,Russia,0.529
102072,2024-07-05,Russia,0.11
102073,2024-01-20,Mexico,0.069
102074,2025-04-15,Mexico,0.467
102075,2024-07-20,Russia,0.481
102076,2024-10-06,Russia,0.104
102077,2025-10-04,Russia,0.376
102078,2025-01-16,Russia,0.392
102079,2024-01-11,Kazakhstan,0.308
102080,2025-03-30,Kazakhstan,0.122
102081,2024-04-18,Mexico,0.193
102082,2024-08-03,Russia,0.11
102083,2024-05-22,Russia,0.039
102084,2025-09-04,Russia,0.024
102085,2024-02-27,Russia,0.492
102086,2024-12-28,Russia,0.161
102087,2024-11-12,USA,0.027
102088,2025-01-04,Russia,0.429
102089,2025-01-31,Russia,0.335
102090,2024-03-09,Mexico,0.161
102091,2024-08-01,USA,0.216
102092,2025-01-14,Mexico,0.255
102093,2024-03-13,Mexico,0.249
102094,2025-06-26,Russia,0.327
102095,2025-06-27,Kazakhstan,0.323
102096,2024-12-20,Russia,0.194
102097,2025-06-22,Mexico,0.506
102098,2024-10-14,Mexico,0.451
102099,2025-01-11,Kazakhstan,0.133
102100,2024-11-08,USA,0.199
102101,2024-04-02,Mexico,0.363
102102,2024-04-27,Mexico,0.18
102103,2024-12-29,Russia,0.193
102104,2024-02-22,Russia,0.203
102105,2025-02-25,Russia,0.069
102106,2024-08-03,USA,0.542
102107,2024-10-13,Mexico,0.278
102108,2025-08-24,USA,0.453
102109,2025-08-01,Mexico,0.286
102110,2024-11-10,Mexico,0.176
102111,2024-09-18,Kazakhstan,0.358
102112,2025-06-28,Mexico,0.429
102113,2024-12-08,Russia,0.148
102114,2025-05-08,Mexico,0.12
102115,2024-03-17,Russia,0.275
102116,2025-04-21,USA,0.328
102117,2025-01-12,USA,0.179
102118,2024-05-21,Russia,0.274
102119,2025-05-28,Mexico,0.351
102120,2024-12-25,Mexico,0.463
102121,2025-05-04,Russia,0.366
102122,2025-07-09,Belarus,0.149
102123,2024-06-21,Kazakhstan,0.199
102124,2025-06-26,Belarus,0.33
102125,2025-10-26,USA,0.483
102126,2024-12-12,Mexico,0.144
102127,2025-04-27,Russia,0.298
102128,2025-05-31,Belarus,0.495
102129,2024-10-10,Belarus,0.393
102130,2025-06-23,Russia,0.241
102131,2024-10-04,Russia,0.377
102132,2025-08-15,Russia,0.248
102133,2025-06-06,Russia,0.342
102134,2024-12-26,Russia,0.294
102135,2024-04-27,Mexico,0.209
102136,2025-07-08,USA,0.497
102137,2025-03-04,Kazakhstan,0.227
102138,2025-01-17,Mexico,0.068
102139,2025-04-26,Mexico,0.123
102140,2025-10-28,Mexico,0.366
102141,2024-12-11,Mexico,0.68
102142,2024-09-15,Russia,0.304
102143,2025-08-08,USA,0.253
102144,2025-03-11,Russia,0.022
102145,2024-11-09,Russia,0.5
102146,2024-05-01,Kazakhstan,0.407
102147,2024-11-07,Belarus,0.159
102148,2025-09-19,Mexico,0.07
102149,2024-07-09,Russia,0.144
102150,2025-10-04,USA,0.258
102151,2025-09-07,Mexico,0.069
102152,2025-07-20,USA,0.145
102153,2024-07-30,Kazakhstan,0.428
102154,2025-06-16,Russia,0.319
102155,2025-04-10,Russia,0.223
102156,2025-08-24,Mexico,0.268
102157,2024-10-01,Kazakhstan,0.385
102158,2025-02-18,Kazakhstan,0.195
102159,2025-09-18,Russia,0.176
102160,2025-09-04,Russia,0.486
102161,2025-09-27,Kazakhstan,0.42
102162,2024-03-09,Russia,0.037
102163,2024-01-21,USA,0.711
102164,2024-03-04,Russia,0.226
102165,2025-10-28,USA,0.454
102166,2024-10-05,USA,0.602
102167,2025-02-09,Kazakhstan,0.57
102168,2024-10-06,Mexico,0.178
102169,2024-02-19,Belarus,0.051
102170,2025-09-02,Kazakhstan,0.177
102171,2024-11-29,Mexico,0.38
102172,2024-07-23,Mexico,0.468
102173,2024-02-03,Russia,0.377
102174,2024-03-18,USA,0.362
102175,2025-01-02,Russia,0.667
102176,2025-05-29,Russia,0.453
102177,2024-05-04,Kazakhstan,0.121
102178,2024-12-21,Russia,0.237
102179,2024-09-03,Kazakhstan,0.556
102180,2025-03-13,Kazakhstan,0.271
102181,2024-07-23,Kazakhstan,0.377
102182,2025-08-15,USA,0.155
102183,2025-02-07,USA,0.626
102184,2024-04-27,Russia,0.304
102185,2025-07-04,Russia,0.163
102186,2025-03-07,Mexico,0.498
102187,2025-09-19,Russia,0.358
102188,2025-09-10,Kazakhstan,0.027
102189,2024-08-08,Mexico,0.141
102190,2025-04-08,Russia,0.266
102191,2025-01-16,Mexico,0.473
102192,2024-10-17,Mexico,0.08
102193,2024-01-04,Kazakhstan,0.249
102194,2025-06-29,Russia,0.39
102195,2024-09-06,Belarus,0.452
102196,2024-02-15,Russia,0.599
102197,2025-10-05,Mexico,0.223
102198,2024-09-25,Belarus,0.167
102199,2024-03-20,Russia,0.479
